Name,Zone,Type,Artist / Notes,Address
1 AfterImage,Findlay Market,Projection,Kyle Eli Ebersole,"Race St & W Findlay St, Cincinnati, OH"
2 Mural,Findlay Market,Mural,Medianeras,"Elm St & W Findlay St, Cincinnati, OH"
3 Mural,Findlay Market,Mural,Dulk,"Elm St & W Findlay St, Cincinnati, OH"
4 Mural,Findlay Market,Mural,Sofles,"Race St & W Findlay St, Cincinnati, OH"
5 Alley Jam Mural Series,Findlay Market,Mural,Multiple artists,"Elm St & W Findlay St, Cincinnati, OH"
6 Light Ship,Findlay Market,Light,Lawrence Malott FOREALISM,"Elm St & W Elder St, Cincinnati, OH"
7 CCAD X Natalia Rak,Findlay Market,Projection,Columbus College of Art & Design,"Race St & W Elder St, Cincinnati, OH"
8 Mural,Findlay Market,Mural,"Jim Tucker, Frank Young","Race St & W Elder St, Cincinnati, OH"
9 Mural,Findlay Market,Mural,Max Sansing,"Vine St & W Elder St, Cincinnati, OH"
10 Mural,Findlay Market,Mural,Mariela Ajras,"Elm St & W Elder St, Cincinnati, OH"
11 Mural,Findlay Market,Mural,Pastel,"Elm St & W Elder St, Cincinnati, OH"
12 In-Can-Descent,Findlay Market,Light,Keep Cincinnati Beautiful,"Elm St & W Liberty St, Cincinnati, OH"
13 Mural,Findlay Market,Mural,James Bullough,"Race St & W Liberty St, Cincinnati, OH"
14 Desiderium,Findlay Market,Projection,Liv Cassinelli,"Race St & W Liberty St, Cincinnati, OH"
15 Mural,Findlay Market,Mural,Drew Merritt,"Race St & W Elder St, Cincinnati, OH"
16 Cincinnati Skatepark Activation,OTR,Attraction,,"Elm St & W Liberty St, Cincinnati, OH"
17 Monster Energy Activation,OTR,Attraction,Monster Energy,"Elm St & W Liberty St, Cincinnati, OH"
"18 Insane 51 Mural, Illuminated",OTR,Projection,4Wall Entertainment,"Race St & W Liberty St, Cincinnati, OH"
19 Jacob's Wall,OTR,Light,Parker Heyl,"Race St & W Liberty St, Cincinnati, OH"
20 Welcome In,OTR,Light,Xavier University Art Department,"Vine St & E 15th St, Cincinnati, OH"
21 Music Hall Experience,OTR,Projection,"Jonas Denzel, Brett Bolton, Silent Partners Studio, Strangeloop. Shows 8:30 & 10:30 nightly","Music Hall, 1241 Elm St, Cincinnati, OH"
22 Oasis Station: Music Hall,OTR,Oasis,Indoor restrooms,"Music Hall, 1241 Elm St, Cincinnati, OH"
23 Threaded Light,OTR,Light,Sew Valley,"Vine St & E 14th St, Cincinnati, OH"
24 The Blinkatorium,OTR,Light,Scott Pennington,"Washington Park, 1230 Elm St, Cincinnati, OH"
25 Imagine / Awaken the Art,OTR,Projection,Onda Studio; Giovanni Weissman (SCPA),"Race St & W 12th St, Cincinnati, OH"
26 Polka-DOTober,OTR,Attraction,Art Academy,"Art Academy of Cincinnati, 1212 Jackson St, Cincinnati, OH"
27 The American Building Experience,OTR,Projection,"Susan Kosti, Filip Roca, Daniel Rossa","Walnut St & E Central Pkwy, Cincinnati, OH"
28 Oasis Station: The Children's Theatre,OTR,Oasis,Indoor restrooms,"Walnut St & E Central Pkwy, Cincinnati, OH"
29 Concrete Code,Fountain,Projection,Derek Abbott,"Vine St & Central Pkwy, Cincinnati, OH"
30 Commonality,Fountain,Projection,"Chris Glenn, Bern Iseli, Josh Hill, Zach Parker, Chaske Haverkos, 1001 Colors","Elm St & W Court St, Cincinnati, OH"
31 Live Projection Experience,Fountain,Projection,"Spencer Sterling, Structurals","Race St & W Court St, Cincinnati, OH"
32 Geist,Fountain,Light,This is Loop,"Race St & W Court St, Cincinnati, OH"
33 muon : bloom,Fountain,Projection,Christo Squier,"Vine St & Court St, Cincinnati, OH"
34 Asianati Night Market,Fountain,Attraction,Asianati,"Vine St & Court St, Cincinnati, OH"
35 Oasis Station: Public Library,Fountain,Oasis,Indoor restrooms,"Main Library, 800 Vine St, Cincinnati, OH"
36 Resonance,Fountain,Projection,Smash Studio,"Walnut St & E 9th St, Cincinnati, OH"
37 Covenant-First Presbyterian Church Experience,Fountain,Projection,"Felix Frank, Ana Tomashvili, Mindscape Studios","Covenant-First Presbyterian Church, 717 Elm St, Cincinnati, OH"
38 4Wall Entertainment,Fountain,Projection,4Wall lighting,"Elm St & Garfield Pl, Cincinnati, OH"
39 Psychedelic Car Wash,Fountain,Light,Radius Concepts,"Piatt Park, Garfield Pl, Cincinnati, OH"
40 In Light of Us,Fountain,Light,The Mz. Icar Collective,"Vine St & W 8th St, Cincinnati, OH"
41 The Letter from Martha,Fountain,Projection,DecideKit,"Vine St & E 8th St, Cincinnati, OH"
"42 A Century of ""yes""",Fountain,Projection,Greg D'Amico,"Walnut St & E 7th St, Cincinnati, OH"
43 Oasis Station: Aronoff Center,Fountain,Oasis,Indoor restrooms,"Aronoff Center, 650 Walnut St, Cincinnati, OH"
44 Oasis Station: Contemporary Arts Center,Fountain,Oasis,Indoor restrooms,"Contemporary Arts Center, 44 E 6th St, Cincinnati, OH"
45 Official BLINK Merch Shop,Fountain,Merch,At the Contemporary Arts Center,"Contemporary Arts Center, 44 E 6th St, Cincinnati, OH"
46 Tristan Eaton,Fountain,Projection,UC CCM Lighting Design & Technology,"Elm St & W 6th St, Cincinnati, OH"
47 Funk Glasses,Fountain,Light,"Black Art Speaks, Michael A. Coppage, Chris Glenn","Elm St & W 6th St, Cincinnati, OH"
48 String Theory for Dummies 2.0,Fountain,Light,Dan Shields,"Elm St & W 6th St, Cincinnati, OH"
49 Corner Mapping Experience,Fountain,Projection,"Chaske Haverkos, Ke Jyun Wu","Vine St & W 6th St, Cincinnati, OH"
"50 Reality, Theory, and Everything in Between",Fountain,Projection,Justin Boh,"Walnut St & E 6th St, Cincinnati, OH"
51 Canvas,Fountain,Light,"Fifth Third Bank, Big Art, Precision Studios, Michael Thompson","Fountain Square, Cincinnati, OH"
52 Light Falls,Fountain,Light,VIGAS,"Vine St & W 4th St, Cincinnati, OH"
53 Charley & Edie Harper Exhibit,Fountain,Attraction,At the Mercantile. Reservations required,"Mercantile Library, 414 Walnut St, Cincinnati, OH"
54 Third St Experience,Fountain,Projection,"The Great Paper Massacre, Vince Fraser, Kasumi","Race St & W 3rd St, Cincinnati, OH"
55 Iceberg Trail,Fountain,Light,LeMonde Studio,"Lytle Park, Cincinnati, OH"
56 Crescendo,Fountain,Light,"Kyle Eli Ebersole, Ian Molitors","Lytle Park, Cincinnati, OH"
57 Allium,Fountain,Light,Everything Good Studio,"Lytle Park, Cincinnati, OH"
58 Mycelium Network,Fountain,Light,Custom Fibre Optics Ltd,"Lytle Park, Cincinnati, OH"
59 The Hive,The Banks,Light,Beamhacker,"Vine St & E 2nd St, Cincinnati, OH"
60 The B!G TV,The Banks,Light,B!gArt,"National Underground Railroad Freedom Center, Cincinnati, OH"
61 Millennial Pink,The Banks,Light,Mike Stasny,"Walnut St & Freedom Way, Cincinnati, OH"
62 Voyage to Atlantis Fashion Show,The Banks,Attraction,Asha AMA,"Cincinnati Black Music Walk of Fame, Cincinnati, OH"
63 BLINK Sculpture,The Banks,Light,,"Race St & Freedom Way, Cincinnati, OH"
64 Maestro,The Banks,Light,LeMonde Studio,"Smale Riverfront Park, Cincinnati, OH"
65 Y.e.l.l.e.d,The Banks,Light,Kemper Sauce Studios,"Smale Riverfront Park, Cincinnati, OH"
"66 Future Cities No. 1, 2, and 3",The Banks,Light,"Cedric Michael Cox, Studio 181, Brent Keltch","Main St & Freedom Way, Cincinnati, OH"
67 Drone Show Viewing Area,The Banks,Attraction,"Shows Fri, Sat, Sun at 8 & 10 PM","Smale Riverfront Park, Cincinnati, OH"
68 FloWeR PoWeR,The Banks,Light,Aérosculpture,"Smale Riverfront Park, Cincinnati, OH"
69 Dreamscape,The Banks,Light,"Lindsay Glatz, William Nemitoff","Smale Riverfront Park, Cincinnati, OH"
70 Skate Downtown Cincy,The Banks,Attraction,Roller skaters,"John A. Roebling Suspension Bridge, Cincinnati, OH"
71 Interlace,The Banks,Light,Looking Up Arts,"Walnut St & Mehring Way, Cincinnati, OH"
72 Spiral Bound,The Banks,Light,"JP Jackson, Brian Havener","Main St & Mehring Way, Cincinnati, OH"
67 Drone Show Viewing Area,Covington,Attraction,"Covington Landing. Shows Fri, Sat, Sun at 8 & 10 PM","Covington Plaza, Riverside Dr, Covington, KY"
73 OneNKY Center Lighting,Covington,Projection,4Wall Entertainment,"OneNKY Center, Covington, KY"
74 The Glow Pavilion,Covington,Attraction,dEcORa,"Scott Blvd & E 3rd St, Covington, KY"
75 SomniUs,Covington,Light,illumaphonium,"Greenup St & E 3rd St, Covington, KY"
76 Mural,Covington,Mural,Gera 1,"Scott Blvd & E 4th St, Covington, KY"
77 Irene & Pluto,Covington,Projection,SnellBeast,"Scott Blvd & E 4th St, Covington, KY"
78 Mural,Covington,Mural,Wayne Horse,"Greenup St & E 4th St, Covington, KY"
79 L1ght Graff1t1 Make0vers,Covington,Light,0H10M1ke,"Greenup St & E 4th St, Covington, KY"
80 Kinetic Perspective,Covington,Light,Juan Fuentes,"Madison Ave & 5th St, Covington, KY"
81 Tobacco Alley Mural Series,Covington,Mural,10 artists,"Scott Blvd & E 4th St, Covington, KY"
82 Light Lane,Covington,Light,LeMonde Studio,"Madison Ave & 5th St, Covington, KY"
83 Mural,Covington,Mural,Polina Soloveichik,"Scott Blvd & E 5th St, Covington, KY"
84 Connected,Covington,Light,Koros Design,"Scott Blvd & E 6th St, Covington, KY"
85 Mother of God Church Experience,Covington,Projection,"Leslie Epsztein, Jérémie Bellot, Jérémy Oury","Mother of God Church, 119 W 6th St, Covington, KY"
86 Beyond the Bridge,Covington,Light,Northern Kentucky University,"Washington St & W 6th St, Covington, KY"
87 Mural,Covington,Mural,Elléna Lourens,"Madison Ave & 6th St, Covington, KY"
88 Every Little Thing,Covington,Projection,Inka Kendzia,"Madison Ave & 6th St, Covington, KY"
89 Mural,Covington,Mural,Chase Melendez,"Scott Blvd & E 6th St, Covington, KY"
90 Lumifolia,Covington,Light,"Jessica Wolf, Paper Acorn","Pike St & Washington St, Covington, KY"
91 The Flipside,Covington,Projection,Sean Van Praag,"Madison Ave & Pike St, Covington, KY"
92 Masquerade,Covington,Projection,Vamos Animation,"Madison Ave & Pike St, Covington, KY"
93 Madison Theater: Once and Future,Covington,Projection,Miami University,"Madison Theater, 730 Madison Ave, Covington, KY"
1 Opening Ceremony on Central Pkwy,Opening Ceremony,Attraction,"Thu Oct 8, 4 to 9 PM. Drone show 8:30 PM. 47 food, drink, art and sponsor stops between Liberty St and 14th St","Central Pkwy & W 15th St, Cincinnati, OH"
2 Stage at TQL Stadium,Opening Ceremony,Attraction,Opening ceremony performances,"TQL Stadium, Cincinnati, OH"
